,Varietal
chen linqi,Cabernet Sauvignon
,Vintage Sparkling Wine
,Bordeaux Red Blends
,Chardonnay
,Grenache
,Mixed Collections
,Merlot
,Non-Vintage Sparkling Wine
,Tempranillo
,Tuscan Blends
,Other Red Blends
,Pinot Noir
,Rosí© Sparkling Wine
,Rhone Red Blends
,Sauvignon Blanc
,Sangiovese
,Cabernet Franc
,Syrah/Shiraz
,Rosí©
,Zinfandel
,Pinot Gris/Grigio
,Malbec
,Nebbiolo
,Roussanne
,Other Red Wine
,Barbera
zhang chi,Rhone White Blends
,In Box Glassware
,Carmenere
,Bordeaux White Blends
,Albarino
,Other White Blends
,Godello
,Nero d&apos;Avola
,Muscat
,Petite Sirah
,Montepulciano
,Riesling
,Aglianico
,Port
,Other Dessert
,Mourvedre
,Melon de Bourgogne
,Other White Wine
,Falanghina
,Pinotage
,Gamay
,Assyrtiko
,Vermentino
,Tannat
,Torrontes
,Chenin Blanc
liu ziqi,Stemware & Decanters
,Arneis
,Fruit Wine
,Corkscrews
,Garganega
,Carignan
,Viognier
,Serve & Preserve
,Marsanne
,Gewurztraminer
,Junmai-Daiginjo
,Gruner Veltliner
,Corvina
,Pinot Blanc
,Vernaccia
,Valdiguie
,Sherry
,Picpoul
,Negroamaro
,Muller Thurgau
,Entertaining
,In Box Accessory
,Dolcetto
,Semillon
,Lambrusco
,Primitivo
he jiaxin,Madeira
,White Zinfandel
,Cortese
,Lagrein
,Verdejo
,Vermouth
,Verdicchio
,Cinsault
,Malvasia
,Touriga Nacional
,Red Sparkling Wine
,Bonarda
,Furmint
,Friulano
,Greco
,Junmai
,Junmai-Ginjo
,Grenache Blanc
,Verdelho
,Zweigelt
,Trebbiano
,Petit Verdot
,Grechetto
,Pedro Ximí©nez
,Grillo
,Aligote